Epoch,D_Loss,G_Loss
1,-0.007136,-0.002214
2,-0.006354,-0.004170
