Epoch,D_Loss,G_Loss
1,-0.00082,0.00144
2,-0.00061,0.001409
3,-0.000585,0.001403
4,-0.000546,0.001396
5,-0.000482,0.00139
6,-0.000484,0.00139
7,-0.000463,0.001386
8,-0.000433,0.001379
9,-0.000428,0.001381
10,-0.000392,0.001377
11,-0.000397,0.001375
12,-0.000358,0.001374
13,-0.000386,0.001384
14,-0.000378,0.001384
15,-0.000363,0.001381
16,-0.000347,0.001381
17,-0.000313,0.001369
18,-0.000283,0.001337
19,-0.000294,0.001385
20,-0.000284,0.001386
